[
    {
        "Transaction_date": "1/2/2009 6:17",
        "Product": "Product1",
        "Price": "1200",
        "Payment_type": "Mastercard",
        "Name": "carolina",
        "City": "Basildon",
        "State": "England",
        "Country": "England"
    },
    {
        "Transaction_date": "1/2/2009 4:53",
        "Product": "Product1",
        "Price": "1200",
        "Payment_type": "Visa",
        "Name": "Betina",
        "City": "Parkville",
        "State": "MO",
        "Country": "MO"
    },
    {
        "Transaction_date": "1/2/2009 13:08",
        "Product": "Product1",
        "Price": "1200",
        "Payment_type": "Mastercard",
        "Name": "Federica e Andrea",
        "City": "Astoria",
        "State": "OR",
        "Country": "OR"
    },
    {
        "Transaction_date": "1/3/2009 14:44",
        "Product": "Product1",
        "Price": "1200",
        "Payment_type": "Visa",
        "Name": "Gouya",
        "City": "Echuca",
        "State": "Victoria",
        "Country": "Victoria"
    },
    {
        "Transaction_date": "1/4/2009 12:56",
        "Product": "Product2",
        "Price": "3600",
        "Payment_type": "Visa",
        "Name": "Gerd W ",
        "City": "Cahaba Heights",
        "State": "AL",
        "Country": "AL"
    },
    {
        "Transaction_date": "1/4/2009 13:19",
        "Product": "Product1",
        "Price": "1200",
        "Payment_type": "Visa",
        "Name": "LAURENCE",
        "City": "Mickleton",
        "State": "NJ",
        "Country": "NJ"
    },
    {
        "Transaction_date": "1/4/2009 20:11",
        "Product": "Product1",
        "Price": "1200",
        "Payment_type": "Mastercard",
        "Name": "Fleur",
        "City": "Peoria",
        "State": "IL",
        "Country": "IL"
    },
    {
        "Transaction_date": "1/2/2009 20:09",
        "Product": "Product1",
        "Price": "1200",
        "Payment_type": "Mastercard",
        "Name": "adam",
        "City": "Martin",
        "State": "TN",
        "Country": "TN"
    },
    {
        "Transaction_date": "1/4/2009 13:17",
        "Product": "Product1",
        "Price": "1200",
        "Payment_type": "Mastercard",
        "Name": "Renee Elisabeth",
        "City": "Tel Aviv",
        "State": "Tel Aviv",
        "Country": "Tel Aviv"
    }
]